-- EvenItOut
-- Author: Fampat, thanks and credits to the author of Smooth Difficulty
-- Adds per era difficulty a production penalty to human players
----------------------------------------------------------------------------

-- Civilization-types affected
INSERT INTO TraitModifiers (TraitType, ModifierId) VALUES
('TRAIT_LEADER_MAJOR_CIV', 'TRAIT_DECELERATE_HUMAN_PRODUCTION_KING'),
('TRAIT_LEADER_MAJOR_CIV', 'TRAIT_DECELERATE_HUMAN_PRODUCTION_EMPEROR'),
('TRAIT_LEADER_MAJOR_CIV', 'TRAIT_DECELERATE_HUMAN_PRODUCTION_IMMORTAL'),
('TRAIT_LEADER_MAJOR_CIV', 'TRAIT_DECELERATE_HUMAN_PRODUCTION_DEITY');

-- Modifier for effect
INSERT INTO Modifiers (ModifierId, ModifierType, OwnerRequirementSetId, Permanent) VALUES
('TRAIT_DECELERATE_HUMAN_PRODUCTION_KING', 'MODIFIER_PLAYER_CITIES_ADJUST_CITY_YIELD_MODIFIER',  'PLAYER_IS_HUMAN_ON_KING', 1),
('TRAIT_DECELERATE_HUMAN_PRODUCTION_EMPEROR', 'MODIFIER_PLAYER_CITIES_ADJUST_CITY_YIELD_MODIFIER',  'PLAYER_IS_HUMAN_ON_EMPEROR', 1),
('TRAIT_DECELERATE_HUMAN_PRODUCTION_IMMORTAL', 'MODIFIER_PLAYER_CITIES_ADJUST_CITY_YIELD_MODIFIER',  'PLAYER_IS_HUMAN_ON_IMMORTAL', 1),
('TRAIT_DECELERATE_HUMAN_PRODUCTION_DEITY', 'MODIFIER_PLAYER_CITIES_ADJUST_CITY_YIELD_MODIFIER',  'PLAYER_IS_HUMAN_ON_DEITY', 1);

-- Arguments for the modifier-effect
INSERT INTO ModifierArguments (ModifierId, Name, Value) VALUES
('TRAIT_DECELERATE_HUMAN_PRODUCTION_KING', 'YieldType', 'YIELD_PRODUCTION'),
('TRAIT_DECELERATE_HUMAN_PRODUCTION_KING', 'Amount', -3),
('TRAIT_DECELERATE_HUMAN_PRODUCTION_EMPEROR', 'YieldType', 'YIELD_PRODUCTION'),
('TRAIT_DECELERATE_HUMAN_PRODUCTION_EMPEROR', 'Amount', -3),
('TRAIT_DECELERATE_HUMAN_PRODUCTION_IMMORTAL', 'YieldType', 'YIELD_PRODUCTION'),
('TRAIT_DECELERATE_HUMAN_PRODUCTION_IMMORTAL', 'Amount', -4),
('TRAIT_DECELERATE_HUMAN_PRODUCTION_DEITY', 'YieldType', 'YIELD_PRODUCTION'),
('TRAIT_DECELERATE_HUMAN_PRODUCTION_DEITY', 'Amount', -5);

-- Requirement-sets that must met
INSERT INTO RequirementSets (RequirementSetId, RequirementSetType) VALUES
('PLAYER_IS_HUMAN_ON_KING', 'REQUIREMENTSET_TEST_ALL'),
('PLAYER_IS_HUMAN_ON_EMPEROR', 'REQUIREMENTSET_TEST_ALL'),
('PLAYER_IS_HUMAN_ON_IMMORTAL', 'REQUIREMENTSET_TEST_ALL'),
('PLAYER_IS_HUMAN_ON_DEITY', 'REQUIREMENTSET_TEST_ALL');

-- Requirements that must met the requirement-set
INSERT INTO RequirementSetRequirements (RequirementSetId, RequirementId) VALUES
('PLAYER_IS_HUMAN_ON_KING', 'REQUIRES_PLAYER_IS_HUMAN'),
('PLAYER_IS_HUMAN_ON_KING', 'REQUIRES_KING'),
('PLAYER_IS_HUMAN_ON_EMPEROR', 'REQUIRES_PLAYER_IS_HUMAN'),
('PLAYER_IS_HUMAN_ON_EMPEROR', 'REQUIRES_EMPEROR'),
('PLAYER_IS_HUMAN_ON_IMMORTAL', 'REQUIRES_PLAYER_IS_HUMAN'),
('PLAYER_IS_HUMAN_ON_IMMORTAL', 'REQUIRES_IMMORTAL'),
('PLAYER_IS_HUMAN_ON_DEITY', 'REQUIRES_PLAYER_IS_HUMAN'),
('PLAYER_IS_HUMAN_ON_DEITY', 'REQUIRES_DEITY');
